{
    "map": 0.6000000238418579,
    "mar_10": 0.6000000238418579
}